round,slice,frame,object_ref,cell,what,why,severity,owner,rule_id,evidence,action,rules_version,note
calib,C0,adasind_019560.jpg,L1+R1+M1,LRM,BOX_GEOMETRY,E4_model_domain,P1,ai_team,R03,Model tách người lái thành Pedestrian riêng và xe thành Bike riêng thay vì gộp một box,keep_with_reason,v1.0.0,Clinic Card 2: rider ngồi trên xe hai bánh là một Bike thống nhất
calib,C0,adasind_019560.jpg,L3+R3+M7,LRM,WRONG_CLASS,E4_model_domain,P1,ai_team,R04,Model phân loại nhầm xe ba bánh ThreeWheeler thành Truck do méo quang học ở rìa,keep_with_reason,v1.0.0,Clinic Card 1 và 3: ThreeWheeler là class riêng biệt
calib,C0,adasind_019560.jpg,L7+R7,LR_noM,IGNORE_SCOPE,E4_model_domain,P0,annotator,R07,Model không nhận diện được vùng thân xe ego_body ở đáy ảnh; annotator cần vẽ polygon,keep_with_reason,v1.0.0,Clinic Card 4: vẽ ego_body khi thấy thân xe chủ
r1_craft,B3-mid,adasind_140160.jpg,L1,L_only,ATTRIBUTE,E1_annotator_error,P2,annotator,R05,Xe máy sát mép ảnh (xbr=1080) ban đầu để truncated=false; sau selfqc phát hiện sửa thành true,rework,v1.0.0,Self-QC: sửa thuộc tính truncated trước khi khóa bản cuối
r1_craft,B3-mid,adasind_128310.jpg,L3,L_only,MISSING,E1_annotator_error,P1,annotator,R01,"Xe tải làn bên trái (187,889,288,983) h=94px thiếu trong prefill; annotator bổ sung box",rework,v1.0.0,Soát frame 0: thêm vật thiếu trong phạm vi H=40
r1_craft,B3-mid,adasind_128310.jpg,L4,L_only,MISSING,E1_annotator_error,P1,annotator,R01,"Xe ô tô con phía trước (420,925,476,991) h=66px thiếu trong prefill; annotator bổ sung box",rework,v1.0.0,Soát frame 0: thêm vật thiếu trong phạm vi H=40
r2_qa,B3-mid,adasind_128310.jpg,L4,L_only,BOX_GEOMETRY,,P2,qa,R04,"Ô tô con ở trung tâm (420,925,476,991) phân loại đúng Car, box bám sát thân xe nhìn thấy",keep_with_reason,v1.0.0,Cold review cá nhân: kiểm tra class Car và độ ôm khít của box ở zone center
r2_qa,B3-mid,adasind_140160.jpg,L1,L_only,ATTRIBUTE,,P2,qa,R05,Xe máy có người lái tại rìa phải (xbr=1080) cắt biên ảnh; thuộc tính truncated=true chính xác,keep_with_reason,v1.0.0,Cold review cá nhân: kiểm tra gán nhãn rider và thuộc tính cắt biên/che khuất
r2_qa,B3-mid,adasind_140160.jpg,L2,L_only,BOX_GEOMETRY,,P2,qa,R01,Xe tải L2 ở zone mid (h=52px >= 40px) có box; các vật thể nhỏ hậu cảnh h < 40px không vẽ theo R01,keep_with_reason,v1.0.0,Cold review cá nhân: rà soát ngưỡng phạm vi H=40 và vật cần gán nhãn
r2_qa,B3-mid,adasind_230910.jpg,L6,L_only,BOX_GEOMETRY,,P1,qa,R02,Xe tải mép trái bị méo fisheye mạnh và cắt bởi vành kính; box ôm đúng phần nhìn thấy trên ảnh gốc,keep_with_reason,v1.0.0,Cold review cá nhân: kiểm tra hình học fisheye gốc không nắn thẳng
r3_diag,B3-mid,adasind_128310.jpg,L5+R5,LR_noM,MISSING,E4_model_domain,P1,ai_team,R02,Xe tải tại mép phải (704-1080) bị méo fisheye và cắt biên; YOLO26m bỏ sót (LR_noM),keep_with_reason,v1.0.0,"Chẩn đoán P4: Model domain shift ở rìa thấu kính fisheye, cần thêm dữ liệu train fisheye"
r3_diag,B3-mid,adasind_128310.jpg,M4,M_only,SPURIOUS,E4_model_domain,P1,ai_team,R02,"YOLO26m cắt đôi thân xe tải thành box cụt tại (703,878); không bao trọn xe",keep_with_reason,v1.0.0,Chẩn đoán P4: Box model lỏng lẻo và cắt xẻ vật thể lớn ở rìa
r3_diag,B3-mid,adasind_140160.jpg,L1+R1,LR_noM,MISSING,E4_model_domain,P1,ai_team,R03,YOLO26m tách rider thành Pedestrian và Bike riêng (M1+M2) nên trượt IoU 0.5 với box gộp L1,keep_with_reason,v1.0.0,Chẩn đoán P4: Model huấn luyện chuẩn COCO tách rider/bike thay vì gộp theo SVM rule R03
r3_diag,B3-mid,adasind_140160.jpg,L3+R3,LR_noM,MISSING,E4_model_domain,P1,ai_team,R04,YOLO26m nhận nhầm ThreeWheeler thành Car M3 và Truck M5; vi phạm rule class R04,keep_with_reason,v1.0.0,Chẩn đoán P4: Thiếu nhãn ThreeWheeler trong pretraining weights gốc
r3_diag,B3-mid,adasind_140160.jpg,M1,M_only,SPURIOUS,E4_model_domain,P1,ai_team,R03,YOLO26m vẽ box Pedestrian riêng cho người đang điều khiển xe máy; sai quy tắc rider R03,keep_with_reason,v1.0.0,Chẩn đoán P4: Box dư thừa do tách người lái khỏi xe hai bánh
r3_diag,B3-mid,adasind_140160.jpg,M2,M_only,SPURIOUS,E4_model_domain,P1,ai_team,R03,YOLO26m vẽ box Bike chỉ bao thân xe dưới không có đầu người lái; sai quy tắc rider R03,keep_with_reason,v1.0.0,Chẩn đoán P4: Box dư thừa do tách người lái khỏi xe hai bánh
r3_diag,B3-mid,adasind_140160.jpg,M3,M_only,SPURIOUS,E4_model_domain,P1,ai_team,R04,YOLO26m nhầm xe ba bánh ThreeWheeler thành Car; sai taxonomy 6 class R04,keep_with_reason,v1.0.0,Chẩn đoán P4: Model nhầm xe ba bánh auto-rickshaw thành Car
r3_diag,B3-mid,adasind_140160.jpg,M5,M_only,SPURIOUS,E4_model_domain,P1,ai_team,R04,YOLO26m gán thêm nhãn Truck trùng lên ThreeWheeler; tạo box rác và sai class R04,keep_with_reason,v1.0.0,Chẩn đoán P4: Dự đoán đè 2 class Car và Truck lên cùng 1 xe ba bánh
r3_diag,B3-mid,adasind_140160.jpg,M6,M_only,SPURIOUS,E4_model_domain,P2,ai_team,R04,YOLO26m dự đoán thêm nhãn Bus đè lên xe tải nhỏ M4; trùng lặp class R04,keep_with_reason,v1.0.0,Chẩn đoán P4: Class confusion giữa xe tải nhỏ và bus ở cự ly xa
r3_diag,B3-mid,adasind_230910.jpg,L5+R5,LR_noM,MISSING,E4_model_domain,P1,ai_team,R04,YOLO26m phân loại ThreeWheeler thành Truck M8; sai class R04,keep_with_reason,v1.0.0,Chẩn đoán P4: ThreeWheeler bị dự đoán nhầm thành Truck
r3_diag,B3-mid,adasind_230910.jpg,L7+R7,LR_noM,MISSING,E4_model_domain,P1,ai_team,R04,YOLO26m nhận nhầm ô tô con Car thành Truck M9 do méo quang học góc rộng,keep_with_reason,v1.0.0,Chẩn đoán P4: Méo fisheye phóng đại thân sau xe khiến model nhầm thành Truck
r3_diag,B3-mid,adasind_230910.jpg,L8+R8,LR_noM,MISSING,E4_model_domain,P2,ai_team,R05,Người đi bộ bị xe ba bánh che khuất một phần (occluded=true); model bỏ sót,keep_with_reason,v1.0.0,Chẩn đoán P4: Model suy giảm độ nhạy phát hiện đối tượng bị che khuất một phần
r3_diag,B3-mid,adasind_230910.jpg,L10+R10,LR_noM,MISSING,E4_model_domain,P2,ai_team,R05,Người đi bộ bị người khác che khuất một phần (occluded=true); model bỏ sót,keep_with_reason,v1.0.0,Chẩn đoán P4: Cụm người đi bộ che nhau dẫn đến NMS hoặc miss box
r3_diag,B3-mid,adasind_230910.jpg,L11+R11,LR_noM,MISSING,E4_model_domain,P2,ai_team,R05,Người đi bộ ở xa bị che khuất một phần; model bỏ sót do độ phân giải thấp và che khuất,keep_with_reason,v1.0.0,Chẩn đoán P4: Kết hợp giữa che khuất và kích thước nhỏ ở cự ly xa
r3_diag,B3-mid,adasind_230910.jpg,M8,M_only,SPURIOUS,E4_model_domain,P1,ai_team,R04,YOLO26m dự đoán Truck M8 vào vị trí ThreeWheeler L5; sai class R04,keep_with_reason,v1.0.0,Chẩn đoán P4: Box gán sai nhãn Truck cho ThreeWheeler
r3_diag,B3-mid,adasind_230910.jpg,M9,M_only,SPURIOUS,E4_model_domain,P1,ai_team,R04,YOLO26m dự đoán Truck M9 vào vị trí ô tô con Car L7; sai class R04,keep_with_reason,v1.0.0,Chẩn đoán P4: Box gán sai nhãn Truck cho Car
